product,total_patients,mean_monthly,max_monthly,month_of_max
LAGEVRIO,43819.0,995.8863636363636,1257.0,2024-01
PAXLOVID,16257.0,369.47727272727275,493.0,2022-01
XOCOVA,38781.0,881.3863636363636,1150.0,2024-01
