{"coef": {"intercept": 0.06697181534562728, "lag_1": 0.5365360135916728, "lag_2": 0.17733330168495712, "lag_3": 0.2513833565730729, "lag_4": 0.04054315074815581, "lag_5": -0.009890290012895799, "lag_6": 0.05114719099903592, "lag_7": -0.05641949620385928, "dow_0": -0.741207732643025, "dow_1": 0.31271057380565065, "dow_2": 0.32457858321906385, "dow_3": 0.3664239888380785, "dow_4": 0.025689316747787478, "dow_5": 0.051694279910048824, "dow_6": -0.2934676848938014}, "rmse": 395.17531300230814, "mae": 256.55801306067593, "train_rows": 1112, "test_rows": 90}